Address,Type,Access,Name,Unit,Description
4723,float,RD/WR,_ULN_MAX[0],V,"Max. value, voltage L1-N"
4725,float,RD/WR,_ULN_MAX[1],V,"Max. value, voltage L2-N"
4727,float,RD/WR,_ULN_MAX[2],V,"Max. value, voltage L3-N"
4729,float,RD/WR,_ULN_MAX[3],V,"Max. value, voltage L4-N"
4731,float,RD/WR,_ULL_MAX[0],V,"Max. value, phase conductor voltage; L1-L2"
4733,float,RD/WR,_ULL_MAX[1],V,"Max. value, phase conductor voltage; L2-L3"
4735,float,RD/WR,_ULL_MAX[2],V,"Max. value, phase conductor voltage; L3-L1"
4737,float,RD/WR,_ULN_CF_MAX[0],-,"Max. value, crest factor of the Voltage U L1-N"
4739,float,RD/WR,_ULN_CF_MAX[1],-,"Max. value, crest factor of the Voltage U L2-N"
4741,float,RD/WR,_ULN_CF_MAX[2],-,"Max. value, crest factor of the Voltage U L3-N"
4743,float,RD/WR,_ULN_CF_MAX[3],-,"Max. value, crest factor of the Voltage U L4-N"
4745,float,RD/WR,_ULL_CF_MAX[0],-,"Max. value, crest factor of the Voltage U L1-L2"
4747,float,RD/WR,_ULL_CF_MAX[1],-,"Max. value, crest factor of the Voltage U L2-L3"
4749,float,RD/WR,_ULL_CF_MAX[2],-,"Max. value, crest factor of the Voltage U L3-L1"
4751,float,RD/WR,_UN_MAX,V,"Max. value, zero sequence"
4753,float,RD/WR,_UM_MAX,V,"Max. value, positive sequence"
4755,float,RD/WR,_UG_MAX,V,"Min. value, negative sequence"
4757,float,RD/WR,_URC_MAX[0],V,"Max. value, ripple control signal, U L1-N, (61000-4-30)"
4759,float,RD/WR,_URC_MAX[1],V,"Max. value, ripple control signal, U L2-N, (61000-4-30)"
4761,float,RD/WR,_URC_MAX[2],V,"Max. value, ripple control signal, U L3-N, (61000-4-30)"
4763,float,RD/WR,_URC_MAX[3],V,"Max. value, ripple control signal, U L4-N, (61000-4-30)"
4765,float,RD/WR,_THD_ULN_MAX[0],%,"Max. value, harmonic, THD,U L1-N"
4767,float,RD/WR,_THD_ULN_MAX[1],%,"Max. value, harmonic, THD,U L2-N"
4769,float,RD/WR,_THD_ULN_MAX[2],%,"Max. value, harmonic, THD,U L3-N"
4771,float,RD/WR,_THD_ULN_MAX[3],%,"Max. value, harmonic, THD,U L4-N"
4773,float,RD/WR,_THD_ZLN_MAX[0],%,"Max. value, interharmonics, ZHD, U, L1"
4775,float,RD/WR,_THD_ZLN_MAX[1],%,"Max. value, interharmonics, ZHD, U, L2"
4777,float,RD/WR,_THD_ZLN_MAX[2],%,"Max. value, interharmonics, ZHD, U, L3"
4779,float,RD/WR,_THD_ZLN_MAX[3],%,"Max. value, interharmonics, ZHD, U, L4"
4781,float,RD/WR,_ULN_OVER_MAX[0],%,"Max. value, over difference, U L1 (61000-4-30)"
4783,float,RD/WR,_ULN_OVER_MAX[1],%,"Max. value, over difference, U L2 (61000-4-30)"
4785,float,RD/WR,_ULN_OVER_MAX[2],%,"Max. value, over difference, U L3 (61000-4-30)"
4787,float,RD/WR,_ULN_OVER_MAX[3],%,"Max. value, over difference, U L4 (61000-4-30)"
4789,float,RD/WR,_ULN_UNDER_MAX[0],%,"Max. value, under difference, U L1 (61000-4-30)"
4791,float,RD/WR,_ULN_UNDER_MAX[1],%,"Max. value, under difference, U L2 (61000-4-30)"
4793,float,RD/WR,_ULN_UNDER_MAX[2],%,"Max. value, under difference, U L3 (61000-4-30)"
4795,float,RD/WR,_ULN_UNDER_MAX[3],%,"Max. value, under difference, U L4 (61000-4-30)"
4797,float,RD/WR,_ULN_NEG_PEAK_MAX[0],V,"Max. value, peak value negative, U L1-N"
4799,float,RD/WR,_ULN_NEG_PEAK_MAX[1],V,"Max. value, peak value negative, U L2-N"
4801,float,RD/WR,_ULN_NEG_PEAK_MAX[2],V,"Max. value, peak value negative, U L3-N"
4803,float,RD/WR,_ULN_NEG_PEAK_MAX[3],V,"Max. value, peak value negative, U L4-N"
4805,float,RD/WR,_ULN_POS_PEAK_MAX[0],V,"Max. value, peak value positive, U L1-N"
4807,float,RD/WR,_ULN_POS_PEAK_MAX[1],V,"Max. value, peak value positive, U L2-N"
4809,float,RD/WR,_ULN_POS_PEAK_MAX[2],V,"Max. value, peak value positive, U L3-N"
4811,float,RD/WR,_ULN_POS_PEAK_MAX[3],V,"Max. value, peak value positive, U L4-N"
4813,float,RD/WR,_ULN_PEAK_PEAK_MAX[0],V,"Max. value, peak-peak value, U L1-N"
4815,float,RD/WR,_ULN_PEAK_PEAK_MAX[1],V,"Max. value, peak-peak value, U L2-N"
4817,float,RD/WR,_ULN_PEAK_PEAK_MAX[2],V,"Max. value, peak-peak value, U L3-N"
4819,float,RD/WR,_ULN_PEAK_PEAK_MAX[3],V,"Max. value, peak-peak value, U L4-N"
4821,float,RD/WR,_THD_ULL_MAX[0],%,"Max. value, harmonic, THD,U L1-L2"
4823,float,RD/WR,_THD_ULL_MAX[1],%,"Max. value, harmonic, THD,U L2-L3"
4825,float,RD/WR,_THD_ULL_MAX[2],%,"Max. value, harmonic, THD,U L3-L1"
4827,float,RD/WR,_THD_ZLL_MAX[0],%,"Max. value, interharmonics, U L1-L2"
4829,float,RD/WR,_THD_ZLL_MAX[1],%,"Max. value, interharmonics, U L2-L3"
4831,float,RD/WR,_THD_ZLL_MAX[2],%,"Max. value, interharmonics, U L3-L1"
4833,float,RD/WR,_ULL_OVER_MAX[0],%,"Max. value, over difference, U L1-L2 (61000-4-30)"
4835,float,RD/WR,_ULL_OVER_MAX[1],%,"Max. value, over difference, U L2-L3 (61000-4-30)"
4837,float,RD/WR,_ULL_OVER_MAX[2],%,"Max. value, over difference, U L3-L1 (61000-4-30)"
4839,float,RD/WR,_ULL_UNDER_MAX[0],%,"Max. value, under difference, U L1-L2 (61000-4-30)"
4841,float,RD/WR,_ULL_UNDER_MAX[1],%,"Max. value, under difference, U L2-L3 (61000-4-30)"
4843,float,RD/WR,_ULL_UNDER_MAX[2],%,"Max. value, under difference, U L3-L1 (61000-4-30)"
4845,float,RD/WR,_ULL_NEG_PEAK_MAX[0],V,"Max. value, peak value negative, U L1-L2"
4847,float,RD/WR,_ULL_NEG_PEAK_MAX[1],V,"Max. value, peak value negative, U L2-L3"
4849,float,RD/WR,_ULL_NEG_PEAK_MAX[2],V,"Max. value, peak value negative, U L3-L1"
4851,float,RD/WR,_ULL_POS_PEAK_MAX[0],V,"Max. value, peak value positive, U L1-L2"
4853,float,RD/WR,_ULL_POS_PEAK_MAX[1],V,"Max. value, peak value positive, U L2-L3"
4855,float,RD/WR,_ULL_POS_PEAK_MAX[2],V,"Max. value, peak value positive, U L3-L1"
4857,float,RD/WR,_ULL_PEAK_PEAK_MAX[0],V,"Max. value, peak-peak value, U L1-L2"
4859,float,RD/WR,_ULL_PEAK_PEAK_MAX[1],V,"Max. value, peak-peak value, U L2-L3"
4861,float,RD/WR,_ULL_PEAK_PEAK_MAX[2],V,"Max. value, peak-peak value, U L3-L1"
4863,float,RD/WR,_U_STERN_MAX,V,
4865,float,RD/WR,_U_SYM_MAX,%,"Max. value, unsymmetrical; voltage"
4867,float,RD/WR,_FREQ_MAX,Hz,"Max. value, measured frequency"
4869,float,RD/WR,_NORM_FREQ_MAX,Hz,"Max. value, nominal frequency"
4871,float,RD/WR,_PLN_MAX[0],W,"Max. value, real power L1"
4873,float,RD/WR,_PLN_MAX[1],W,"Max. value, real power L2"
4875,float,RD/WR,_PLN_MAX[2],W,"Max. value, real power L3"
4877,float,RD/WR,_PLN_MAX[3],W,"Max. value, real power L4"
4879,float,RD/WR,_P_SUM_MAX,W,"Max. value, sum; P = P1 + P2 + P3 + P4"
4881,float,RD/WR,_Q_SUM_MAX,var,"Max. value, mains frequency reactive power Sum; Q = Q1 + Q2 + Q3 + Q4"
4883,float,RD/WR,_QLN_MAX[0],var,"Max. value, reactive power L1 (fundamental comp.)"
4885,float,RD/WR,_QLN_MAX[1],var,"Max. value, reactive power L2 (fundamental comp.)"
4887,float,RD/WR,_QLN_MAX[2],var,"Max. value, reactive power L3 (fundamental comp.)"
4889,float,RD/WR,_QLN_MAX[3],var,"Max. value, reactive power L4 (fundamental comp.)"
4891,float,RD/WR,_P_SUM3_MAX,W,"Max. value, Sum; P = P1 + P2 + P3"
4893,float,RD/WR,_Q_SUM3_MAX,var,"Max. value, mains frequency reactive power Sum; Q = Q1 + Q2 + Q3"
4895,float,RD/WR,_ILN_MAX[0],A,"Max. value, apparent current, L1"
4897,float,RD/WR,_ILN_MAX[1],A,"Max. value, apparent current, L2"
4899,float,RD/WR,_ILN_MAX[2],A,"Max. value, apparent current, L3"
4901,float,RD/WR,_ILN_MAX[3],A,"Max. value, apparent current, L4"
4903,float,RD/WR,_SLN_MAX[0],VA,"Max. value, apparent power L1"
4905,float,RD/WR,_SLN_MAX[1],VA,"Max. value, apparent power L2"
4907,float,RD/WR,_SLN_MAX[2],VA,"Max. value, apparent power L3"
4909,float,RD/WR,_SLN_MAX[3],VA,"Max. value, apparent power L4"
4911,float,RD/WR,_I_SUM3_MAX,A,"Max. value, vector sum; IN = I1 + I2 + I3"
4913,float,RD/WR,_I_SUM_MAX,A,"Max. value, vector sum; I1 + I2 + I3 + I4"
4915,float,RD/WR,_S_SUM3_MAX,VA,"Max. value, sum; S = S1 + S2 + S3"
4917,float,RD/WR,_S_SUM_MAX,VA,"Max. value, sum; S = S1 + S2 + S3 + S4"
4919,float,RD/WR,_THD_IL_MAX[0],%,"Max. value, harmonic, THD, I L1"
4921,float,RD/WR,_THD_IL_MAX[1],%,"Max. value, harmonic, THD, I L2"
4923,float,RD/WR,_THD_IL_MAX[2],%,"Max. value, harmonic, THD, I L3"
4925,float,RD/WR,_THD_IL_MAX[3],%,"Max. value, harmonic, THD, I L4"
4927,float,RD/WR,_ZHD_IL_MAX[0],%,"Max. value, interharmonics, ZHD, I, L1"
4929,float,RD/WR,_ZHD_IL_MAX[1],%,"Max. value, interharmonics, ZHD, I, L2"
4931,float,RD/WR,_ZHD_IL_MAX[2],%,"Max. value, interharmonics, ZHD, I, L3"
4933,float,RD/WR,_ZHD_IL_MAX[3],%,"Max. value, interharmonics, ZHD, I, L4"
4935,float,RD/WR,_ILN_CF_MAX[0],-,"Max. value, crest factor, I L1"
4937,float,RD/WR,_ILN_CF_MAX[1],-,"Max. value, crest factor, I L2"
4939,float,RD/WR,_ILN_CF_MAX[2],-,"Max. value, crest factor, I L3"
4941,float,RD/WR,_ILN_CF_MAX[3],-,"Max. value, crest factor, I L4"
4943,float,RD/WR,_IN_MAX,A,"Max. value, zero sequence, current"
4945,float,RD/WR,_IM_MAX,A,"Max. value, positive sequence, current"
4947,float,RD/WR,_IG_MAX,A,"Max. value, negative sequence, current"
4949,float,RD/WR,_I_SYM_MAX,%,"Max. value, unsymmetrical; current"
4951,float,RD/WR,_ILN_OVER_MAX[0],%,"Max. value, over difference, I L1"
4953,float,RD/WR,_ILN_OVER_MAX[1],%,"Max. value, over difference, I L2"
4955,float,RD/WR,_ILN_OVER_MAX[2],%,"Max. value, over difference, I L3"
4957,float,RD/WR,_ILN_OVER_MAX[3],%,"Max. value, over difference, I L4"
4959,float,RD/WR,_ILN_UNDER_MAX[0],%,"Max. value, under difference, I L1"
4961,float,RD/WR,_ILN_UNDER_MAX[1],%,"Max. value, under difference, I L2"
4963,float,RD/WR,_ILN_UNDER_MAX[2],%,"Max. value, under difference, I L3"
4965,float,RD/WR,_ILN_UNDER_MAX[3],%,"Max. value, under difference, I L4"
4967,float,RD/WR,_ILN_NEG_PEAK_MAX[0],A,"Max. value, peak value negative, I L1"
4969,float,RD/WR,_ILN_NEG_PEAK_MAX[1],A,"Max. value, peak value negative, I L2"
4971,float,RD/WR,_ILN_NEG_PEAK_MAX[2],A,"Max. value, peak value negative, I L3"
4973,float,RD/WR,_ILN_NEG_PEAK_MAX[3],A,"Max. value, peak value negative, I L4"
4975,float,RD/WR,_ILN_POS_PEAK_MAX[0],A,"Max. value, peak value positive, I L1"
4977,float,RD/WR,_ILN_POS_PEAK_MAX[1],A,"Max. value, peak value positive, I L2"
4979,float,RD/WR,_ILN_POS_PEAK_MAX[2],A,"Max. value, peak value positive, I L3"
4981,float,RD/WR,_ILN_POS_PEAK_MAX[3],A,"Max. value, peak value positive, I L4"
4983,float,RD/WR,_ILN_PEAK_PEAK_MAX[0],A,"Max. value, peak-peak value, I L1"
4985,float,RD/WR,_ILN_PEAK_PEAK_MAX[1],A,"Max. value, peak-peak value, I L2"
4987,float,RD/WR,_ILN_PEAK_PEAK_MAX[2],A,"Max. value, peak-peak value, I L3"
4989,float,RD/WR,_ILN_PEAK_PEAK_MAX[3],A,"Max. value, peak-peak value, I L4"
4991,float,RD/WR,_FLI_PF5_MAX[0],-,"Max. value, current flicker Pf5, L1-N"
4993,float,RD/WR,_FLI_PF5_MAX[1],-,"Max. value, current flicker Pf5, L2-N"
4995,float,RD/WR,_FLI_PF5_MAX[2],-,"Max. value, current flicker Pf5, L3-N"
4997,float,RD/WR,_FLI_PF5_MAX[3],-,"Max. value, current flicker Pf5, L4-N"
4999,float,RD/WR,_FLI_ST_MAX[0],-,
5001,float,RD/WR,_FLI_ST_MAX[1],-,
5003,float,RD/WR,_FLI_ST_MAX[2],-,
5005,float,RD/WR,_FLI_ST_MAX[3],-,
5007,float,RD/WR,_FLI_LT_MAX[0],-,
5009,float,RD/WR,_FLI_LT_MAX[1],-,
5011,float,RD/WR,_FLI_LT_MAX[2],-,
5013,float,RD/WR,_FLI_LT_MAX[3],-,
5015,float,RD/WR,_ILN_RC_MAX[0],A,"Max. value, ripple control signal, I L1"
5017,float,RD/WR,_ILN_RC_MAX[1],A,"Max. value, ripple control signal, I L2"
5019,float,RD/WR,_ILN_RC_MAX[2],A,"Max. value, ripple control signal, I L3"
5021,float,RD/WR,_ILN_RC_MAX[3],A,"Max. value, ripple control signal, I L4"
5023,float,RD/WR,_ULL_RC_MAX[0],V,"Max. value, ripple control signal, U L1-L2"
5025,float,RD/WR,_ULL_RC_MAX[1],V,"Max. value, ripple control signal, U L2-L3"
5027,float,RD/WR,_ULL_RC_MAX[2],V,"Max. value, ripple control signal, U L3-L1"
5039,float,RD/WR,_PFLN_MAX[0],%,"Max. value, power factor; L1"
5041,float,RD/WR,_PFLN_MAX[1],%,"Max. value, power factor; L2"
5043,float,RD/WR,_PFLN_MAX[2],%,"Max. value, power factor; L3"
5045,float,RD/WR,_PFLN_MAX[3],%,"Max. value, power factor; L4"
5047,float,RD/WR,_DLN_MAX[0],var,"Max. value, distortion power factor; L1"
5049,float,RD/WR,_DLN_MAX[1],var,"Max. value, distortion power factor; L2"
5051,float,RD/WR,_DLN_MAX[2],var,"Max. value, distortion power factor; L3"
5053,float,RD/WR,_DLN_MAX[3],var,"Max. value, distortion power factor; L4"
5055,float,RD/WR,_KFACT_MAX[0],%,"Max. value, K-Factor, L1"
5057,float,RD/WR,_KFACT_MAX[1],%,"Max. value, K-Factor, L2"
5059,float,RD/WR,_KFACT_MAX[2],%,"Max. value, K-Factor, L3"
5061,float,RD/WR,_KFACT_MAX[3],%,"Max. value, K-Factor, L4"
5063,float,RD/WR,_S0_POWER_MAX[0],W,"Max. value, Input 1, measured value"
5065,float,RD/WR,_S0_POWER_MAX[1],W,"Max. value, Input 2, measured value"
5067,float,RD/WR,_TEMPERATUR_MAX,°C,"Max. value, internal temperature"
5416,uint,RD/WR,_ULN_MAX_T[0],s,"Time of max. val. (UTC), U L1-N"
5418,uint,RD/WR,_ULN_MAX_T[1],s,"Time of max. val. (UTC), U L2-N"
5420,uint,RD/WR,_ULN_MAX_T[2],s,"Time of max. val. (UTC), U L3-N"
5422,uint,RD/WR,_ULN_MAX_T[3],s,"Time of max. val. (UTC), U L4-N"
5424,uint,RD/WR,_ULL_MAX_T[0],s,"Time of max. val. (UTC), U L1-L2"
5426,uint,RD/WR,_ULL_MAX_T[1],s,"Time of max. val. (UTC), U L2-L3"
5428,uint,RD/WR,_ULL_MAX_T[2],s,"Time of max. val. (UTC), U L3-L1"
5430,uint,RD/WR,_ULN_CF_MAX_T[0],s,"Time of max. val. (UTC), crest factor, U L1-N"
5432,uint,RD/WR,_ULN_CF_MAX_T[1],s,"Time of max. val. (UTC), crest factor, U L2-N"
5434,uint,RD/WR,_ULN_CF_MAX_T[2],s,"Time of max. val. (UTC), crest factor, U L3-N"
5436,uint,RD/WR,_ULN_CF_MAX_T[3],s,"Time of max. val. (UTC), crest factor, U L4-N"
5438,uint,RD/WR,_ULL_CF_MAX_T[0],s,"Time of max. val. (UTC), crest factor, U L1-L2"
5440,uint,RD/WR,_ULL_CF_MAX_T[1],s,"Time of max. val. (UTC), crest factor, U L2-L3"
5442,uint,RD/WR,_ULL_CF_MAX_T[2],s,"Time of max. val. (UTC), crest factor, U L3-L1"
5444,uint,RD/WR,_UN_MAX_T,s,"Time of max. val. (UTC), zero sequence"
5446,uint,RD/WR,_UM_MAX_T,s,"Time of max. val. (UTC), positive sequence"
5448,uint,RD/WR,_UG_MAX_T,s,"Time of max. val. (UTC), negative sequence"
5450,uint,RD/WR,_URC_MAX_T[0],s,"Time of max. val. (UTC), ripple control signal, U L1-N"
5452,uint,RD/WR,_URC_MAX_T[1],s,"Time of max. val. (UTC), ripple control signal, U L2-N"
5454,uint,RD/WR,_URC_MAX_T[2],s,"Time of max. val. (UTC), ripple control signal, U L3-N"
5456,uint,RD/WR,_URC_MAX_T[3],s,"Time of max. val. (UTC), ripple control signal, U L4-N"
5458,uint,RD/WR,_THD_ULN_MAX_T[0],s,"Time of max. val. (UTC), harmonics, THD, U L1-N"
5460,uint,RD/WR,_THD_ULN_MAX_T[1],s,"Time of max. val. (UTC), harmonics, THD, U L2-N"
5462,uint,RD/WR,_THD_ULN_MAX_T[2],s,"Time of max. val. (UTC), harmonics, THD, U L3-N"
5464,uint,RD/WR,_THD_ULN_MAX_T[3],s,"Time of max. val. (UTC), harmonics, THD, U L4-N"
5466,uint,RD/WR,_THD_ZLN_MAX_T[0],s,"Time of max. val. (UTC), interharmonics, ZHD, U, L1"
5468,uint,RD/WR,_THD_ZLN_MAX_T[1],s,"Time of max. val. (UTC), interharmonics, ZHD, U, L2"
5470,uint,RD/WR,_THD_ZLN_MAX_T[2],s,"Time of max. val. (UTC), interharmonics, ZHD, U, L3"
5472,uint,RD/WR,_THD_ZLN_MAX_T[3],s,"Time of max. val. (UTC), interharmonics, ZHD, U, L4"
5474,uint,RD/WR,_ULN_OVER_MAX_T[0],s,"Time of max. val. (UTC), over difference, U L1"
5476,uint,RD/WR,_ULN_OVER_MAX_T[1],s,"Time of max. val. (UTC), over difference, U L2"
5478,uint,RD/WR,_ULN_OVER_MAX_T[2],s,"Time of max. val. (UTC), over difference, U L3"
5480,uint,RD/WR,_ULN_OVER_MAX_T[3],s,"Time of max. val. (UTC), over difference, U L4"
5482,uint,RD/WR,_ULN_UNDER_MAX_T[0],s,"Time of max. val. (UTC), under difference, U L1"
5484,uint,RD/WR,_ULN_UNDER_MAX_T[1],s,"Time of max. val. (UTC), under difference, U L2"
5486,uint,RD/WR,_ULN_UNDER_MAX_T[2],s,"Time of max. val. (UTC), under difference, U L3"
5488,uint,RD/WR,_ULN_UNDER_MAX_T[3],s,"Time of max. val. (UTC), under difference, U L4"
5490,uint,RD/WR,_ULN_NEG_PEAK_MAX_T[0],s,"Time of max. val. (UTC), peak value negative, U L1-N"
5492,uint,RD/WR,_ULN_NEG_PEAK_MAX_T[1],s,"Time of max. val. (UTC), peak value negative, U L2-N"
5494,uint,RD/WR,_ULN_NEG_PEAK_MAX_T[2],s,"Time of max. val. (UTC), peak value negative, U L3-N"
5496,uint,RD/WR,_ULN_NEG_PEAK_MAX_T[3],s,"Time of max. val. (UTC), peak value negative, U L4-N"
5498,uint,RD/WR,_ULN_POS_PEAK_MAX_T[0],s,"Time of max. val. (UTC), peak value positive, U L1-N"
5500,uint,RD/WR,_ULN_POS_PEAK_MAX_T[1],s,"Time of max. val. (UTC), peak value positive, U L2-N"
5502,uint,RD/WR,_ULN_POS_PEAK_MAX_T[2],s,"Time of max. val. (UTC), peak value positive, U L3-N"
5504,uint,RD/WR,_ULN_POS_PEAK_MAX_T[3],s,"Time of max. val. (UTC), peak value positive, U L4-N"
5506,uint,RD/WR,_ULN_PEAK_PEAK_MAX_T[0],s,"Time of max. val. (UTC), peak-peak value, U L1-N"
5508,uint,RD/WR,_ULN_PEAK_PEAK_MAX_T[1],s,"Time of max. val. (UTC), peak-peak value, U L2-N"
5510,uint,RD/WR,_ULN_PEAK_PEAK_MAX_T[2],s,"Time of max. val. (UTC), peak-peak value, U L3-N"
5512,uint,RD/WR,_ULN_PEAK_PEAK_MAX_T[3],s,"Time of max. val. (UTC), peak-peak value, U L4-N"
5514,uint,RD/WR,_THD_ULL_MAX_T[0],s,"Time of max. val. (UTC), harmonic, THD,U L1-L2"
5516,uint,RD/WR,_THD_ULL_MAX_T[1],s,"Time of max. val. (UTC), harmonic, THD,U L2-L3"
5518,uint,RD/WR,_THD_ULL_MAX_T[2],s,"Time of max. val. (UTC), harmonic, THD,U L3-L1"
5520,uint,RD/WR,_THD_ZLL_MAX_T[0],s,"Time of max. val. (UTC), interharmonics, U L1-L2"
5522,uint,RD/WR,_THD_ZLL_MAX_T[1],s,"Time of max. val. (UTC), interharmonics, U L2-L3"
5524,uint,RD/WR,_THD_ZLL_MAX_T[2],s,"Time of max. val. (UTC), interharmonics, U L3-L1"
5526,uint,RD/WR,_ULL_OVER_MAX_T[0],s,"Time of max. val. (UTC), over difference, U L1-L2"
5528,uint,RD/WR,_ULL_OVER_MAX_T[1],s,"Time of max. val. (UTC), over difference, U L2-L3"
5530,uint,RD/WR,_ULL_OVER_MAX_T[2],s,"Time of max. val. (UTC), over difference, U L3-L1"
5532,uint,RD/WR,_ULL_UNDER_MAX_T[0],s,"Time of max. val. (UTC), under difference, U L1-L2"
5534,uint,RD/WR,_ULL_UNDER_MAX_T[1],s,"Time of max. val. (UTC), under difference, U L2-L3"
5536,uint,RD/WR,_ULL_UNDER_MAX_T[2],s,"Time of max. val. (UTC), under difference, U L3-L1"
5538,uint,RD/WR,_ULL_NEG_PEAK_MAX_T[0],s,"Time of max. val. (UTC), peak value negative, U L1-L2"
5540,uint,RD/WR,_ULL_NEG_PEAK_MAX_T[1],s,"Time of max. val. (UTC), peak value negative, U L2-L3"
5542,uint,RD/WR,_ULL_NEG_PEAK_MAX_T[2],s,"Time of max. val. (UTC), peak value negative, U L3-L1"
5544,uint,RD/WR,_ULL_POS_PEAK_MAX_T[0],s,"Time of max. val. (UTC), peak value positive, U L1-L2"
5546,uint,RD/WR,_ULL_POS_PEAK_MAX_T[1],s,"Time of max. val. (UTC), peak value positive, U L2-L3"
5548,uint,RD/WR,_ULL_POS_PEAK_MAX_T[2],s,"Time of max. val. (UTC), peak value positive, U L3-L1"
5550,uint,RD/WR,_ULL_PEAK_PEAK_MAX_T[0],s,"Time of max. val. (UTC), peak-peak value, U L1-L2"
5552,uint,RD/WR,_ULL_PEAK_PEAK_MAX_T[1],s,"Time of max. val. (UTC), peak-peak value, U L2-L3"
5554,uint,RD/WR,_ULL_PEAK_PEAK_MAX_T[2],s,"Time of max. val. (UTC), peak-peak value, U L3-L1"
5556,uint,RD/WR,_U_STERN_MAX_T,s,
5558,uint,RD/WR,_U_SYM_MAX_T,s,"Time of max. val. (UTC), unsymmetrical voltage"
5560,uint,RD/WR,_FREQ_MAX_T,s,"Time of max. val. (UTC), measured frequency"
5562,uint,RD/WR,_NORM_FREQ_MAX_T,s,"Time of max. val. (UTC), nominal frequency"
5564,uint,RD/WR,_PLN_MAX_T[0],s,"Time of max. val. (UTC), real power L1"
5566,uint,RD/WR,_PLN_MAX_T[1],s,"Time of max. val. (UTC), real power L2"
5568,uint,RD/WR,_PLN_MAX_T[2],s,"Time of max. val. (UTC), real power L3"
5570,uint,RD/WR,_PLN_MAX_T[3],s,"Time of max. val. (UTC), real power L4"
5572,uint,RD/WR,_P_SUM_MAX_T,s,"Time of max. val. (UTC), sum P = P1 + P2 + P3 + P4"
5574,uint,RD/WR,_Q_SUM_MAX_T,s,"Time of max. val. (UTC), sum Q = Q1 + Q2 + Q3 + Q4"
5576,uint,RD/WR,_QLN_MAX_T[0],s,"Time of max. val. (UTC), reactive power L1"
5578,uint,RD/WR,_QLN_MAX_T[1],s,"Time of max. val. (UTC), reactive power L2"
5580,uint,RD/WR,_QLN_MAX_T[2],s,"Time of max. val. (UTC), reactive power L3"
5582,uint,RD/WR,_QLN_MAX_T[3],s,"Time of max. val. (UTC), reactive power L4"
5584,uint,RD/WR,_P_SUM3_MAX_T,s,"Time of max. val. (UTC), sum P = P1 + P2 + P3"
5586,uint,RD/WR,_Q_SUM3_MAX_T,s,"Time of max. val. (UTC), sum Q = Q1 + Q2 + Q3"
5588,uint,RD/WR,_ILN_MAX_T[0],s,"Time of max. val. (UTC), apparent current, L1"
5590,uint,RD/WR,_ILN_MAX_T[1],s,"Time of max. val. (UTC), apparent current, L2"
5592,uint,RD/WR,_ILN_MAX_T[2],s,"Time of max. val. (UTC), apparent current, L3"
5594,uint,RD/WR,_ILN_MAX_T[3],s,"Time of max. val. (UTC), apparent current, L4"
5596,uint,RD/WR,_SLN_MAX_T[0],s,"Time of max. val. (UTC), apparent power L1"
5598,uint,RD/WR,_SLN_MAX_T[1],s,"Time of max. val. (UTC), apparent power L2"
5600,uint,RD/WR,_SLN_MAX_T[2],s,"Time of max. val. (UTC), apparent power L3"
5602,uint,RD/WR,_SLN_MAX_T[3],s,"Time of max. val. (UTC), apparent power L4"
5604,uint,RD/WR,_I_SUM3_MAX_T,s,"Time of max. val. (UTC), vector sum; IN = I1 + I2 + I3"
5606,uint,RD/WR,_I_SUM_MAX_T,s,"Time of max. val. (UTC), vector sum; I1 + I2 + I3 + I4"
5608,uint,RD/WR,_S_SUM3_MAX_T,s,"Time of max. val. (UTC), sum S = S1 + S2 + S3"
5610,uint,RD/WR,_S_SUM_MAX_T,s,"Time of max. val. (UTC), sum S = S1 + S2 + S3 + S4"
5612,uint,RD/WR,_THD_IL_MAX_T[0],s,"Time of max. val. (UTC), harmonic, THD, I L1"
5614,uint,RD/WR,_THD_IL_MAX_T[1],s,"Time of max. val. (UTC), harmonic, THD, I L2"
5616,uint,RD/WR,_THD_IL_MAX_T[2],s,"Time of max. val. (UTC), harmonic, THD, I L3"
5618,uint,RD/WR,_THD_IL_MAX_T[3],s,"Time of max. val. (UTC), harmonic, THD, I L4"
5620,uint,RD/WR,_ZHD_IL_MAX_T[0],s,"Time of max. val. (UTC), interharmonics, ZHD, I, L1"
5622,uint,RD/WR,_ZHD_IL_MAX_T[1],s,"Time of max. val. (UTC), interharmonics, ZHD, I, L2"
5624,uint,RD/WR,_ZHD_IL_MAX_T[2],s,"Time of max. val. (UTC), interharmonics, ZHD, I, L3"
5626,uint,RD/WR,_ZHD_IL_MAX_T[3],s,"Time of max. val. (UTC), interharmonics, ZHD, I, L4"
5628,uint,RD/WR,_ILN_CF_MAX_T[0],s,"Time of max. val. (UTC), crest factor, I L1"
5630,uint,RD/WR,_ILN_CF_MAX_T[1],s,"Time of max. val. (UTC), crest factor, I L2"
5632,uint,RD/WR,_ILN_CF_MAX_T[2],s,"Time of max. val. (UTC), crest factor, I L3"
5634,uint,RD/WR,_ILN_CF_MAX_T[3],s,"Time of max. val. (UTC), crest factor, I L4"
5636,uint,RD/WR,_IN_MAX_T,s,"Time of max. val. (UTC), zero sequence, current"
5638,uint,RD/WR,_IM_MAX_T,s,"Time of max. val. (UTC), positive sequence, current"
5640,uint,RD/WR,_IG_MAX_T,s,"Time of max. val. (UTC), negative sequence, current"
5642,uint,RD/WR,_I_SYM_MAX_T,s,"Time of max. val. (UTC), unsymmetrical; current"
5644,uint,RD/WR,_ILN_OVER_MAX_T[0],s,"Time of max. val. (UTC), over difference, I L1"
5646,uint,RD/WR,_ILN_OVER_MAX_T[1],s,"Time of max. val. (UTC), over difference, I L2"
5648,uint,RD/WR,_ILN_OVER_MAX_T[2],s,"Time of max. val. (UTC), over difference, I L3"
5650,uint,RD/WR,_ILN_OVER_MAX_T[3],s,"Time of max. val. (UTC), over difference, I L4"
5652,uint,RD/WR,_ILN_UNDER_MAX_T[0],s,"Time of max. val. (UTC), under difference, I L1"
5654,uint,RD/WR,_ILN_UNDER_MAX_T[1],s,"Time of max. val. (UTC), under difference, I L2"
5656,uint,RD/WR,_ILN_UNDER_MAX_T[2],s,"Time of max. val. (UTC), under difference, I L3"
5658,uint,RD/WR,_ILN_UNDER_MAX_T[3],s,"Time of max. val. (UTC), under difference, I L4"
5660,uint,RD/WR,_ILN_NEG_PEAK_MAX_T[0],s,"Time of max. val. (UTC), peak value negative, I L1"
5662,uint,RD/WR,_ILN_NEG_PEAK_MAX_T[1],s,"Time of max. val. (UTC), peak value negative, I L2"
5664,uint,RD/WR,_ILN_NEG_PEAK_MAX_T[2],s,"Time of max. val. (UTC), peak value negative, I L3"
5666,uint,RD/WR,_ILN_NEG_PEAK_MAX_T[3],s,"Time of max. val. (UTC), peak value negative, I L4"
5668,uint,RD/WR,_ILN_POS_PEAK_MAX_T[0],s,"Time of max. val. (UTC), peak value positive, I L1"
5670,uint,RD/WR,_ILN_POS_PEAK_MAX_T[1],s,"Time of max. val. (UTC), peak value positive, I L2"
5672,uint,RD/WR,_ILN_POS_PEAK_MAX_T[2],s,"Time of max. val. (UTC), peak value positive, I L3"
5674,uint,RD/WR,_ILN_POS_PEAK_MAX_T[3],s,"Time of max. val. (UTC), peak value positive, I L4"
5676,uint,RD/WR,_ILN_PEAK_PEAK_MAX_T[0],s,"Time of max. val. (UTC), peak-peak value, I L1"
5678,uint,RD/WR,_ILN_PEAK_PEAK_MAX_T[1],s,"Time of max. val. (UTC), peak-peak value, I L2"
5680,uint,RD/WR,_ILN_PEAK_PEAK_MAX_T[2],s,"Time of max. val. (UTC), peak-peak value, I L3"
5682,uint,RD/WR,_ILN_PEAK_PEAK_MAX_T[3],s,"Time of max. val. (UTC), peak-peak value, I L4"
5684,uint,RD/WR,_FLI_PF5_MAX_T[0],s,"Time of max. val. (UTC), current flicker Pf5, L1-N"
5686,uint,RD/WR,_FLI_PF5_MAX_T[1],s,"Time of max. val. (UTC), current flicker Pf5, L2-N"
5688,uint,RD/WR,_FLI_PF5_MAX_T[2],s,"Time of max. val. (UTC), current flicker Pf5, L3-N"
5690,uint,RD/WR,_FLI_PF5_MAX_T[3],s,"Time of max. val. (UTC), current flicker Pf5, L4-N"
5692,uint,RD/WR,_FLI_ST_MAX_T[0],s,
5694,uint,RD/WR,_FLI_ST_MAX_T[1],s,
5696,uint,RD/WR,_FLI_ST_MAX_T[2],s,
5698,uint,RD/WR,_FLI_ST_MAX_T[3],s,
5700,uint,RD/WR,_FLI_LT_MAX_T[0],s,
5702,uint,RD/WR,_FLI_LT_MAX_T[1],s,
5704,uint,RD/WR,_FLI_LT_MAX_T[2],s,
5706,uint,RD/WR,_FLI_LT_MAX_T[3],s,
5708,uint,RD/WR,_ILN_RC_MAX_T[0],s,"Time of max. val. (UTC), ripple control signal, I L1"
5710,uint,RD/WR,_ILN_RC_MAX_T[1],s,"Time of max. val. (UTC), ripple control signal, I L2"
5712,uint,RD/WR,_ILN_RC_MAX_T[2],s,"Time of max. val. (UTC), ripple control signal, I L3"
5714,uint,RD/WR,_ILN_RC_MAX_T[3],s,"Time of max. val. (UTC), ripple control signal, I L4"
5716,uint,RD/WR,_ULL_RC_MAX_T[0],s,"Time of max. val. (UTC), ripple control signal, U L1-L2"
5718,uint,RD/WR,_ULL_RC_MAX_T[1],s,"Time of max. val. (UTC), ripple control signal, U L2-L3"
5720,uint,RD/WR,_ULL_RC_MAX_T[2],s,"Time of max. val. (UTC), ripple control signal, U L3-L1"
5732,uint,RD/WR,_PFLN_MAX_T[0],s,"Time of max. val. (UTC), power factor; L1"
5734,uint,RD/WR,_PFLN_MAX_T[1],s,"Time of max. val. (UTC), power factor; L2"
5736,uint,RD/WR,_PFLN_MAX_T[2],s,"Time of max. val. (UTC), power factor; L3"
5738,uint,RD/WR,_PFLN_MAX_T[3],s,"Time of max. val. (UTC), power factor; L4"
5740,uint,RD/WR,_DLN_MAX_T[0],s,"Time of max. val. (UTC), distortion power factor; L1"
5742,uint,RD/WR,_DLN_MAX_T[1],s,"Time of max. val. (UTC), distortion power factor; L2"
5744,uint,RD/WR,_DLN_MAX_T[2],s,"Time of max. val. (UTC), distortion power factor; L3"
5746,uint,RD/WR,_DLN_MAX_T[3],s,"Time of max. val. (UTC), distortion power factor; L4"
5748,uint,RD/WR,_KFACT_MAX_T[0],s,"Time of max. val. (UTC), K-Factor, L1"
5750,uint,RD/WR,_KFACT_MAX_T[1],s,"Time of max. val. (UTC), K-Factor, L2"
5752,uint,RD/WR,_KFACT_MAX_T[2],s,"Time of max. val. (UTC), K-Factor, L3"
5754,uint,RD/WR,_KFACT_MAX_T[3],s,"Time of max. val. (UTC), K-Factor, L4"
5756,uint,RD/WR,_S0_POWER_MAX_T[0],s,"Time of max. val. (UTC), Input 1, measured value"
5758,uint,RD/WR,_S0_POWER_MAX_T[1],s,"Time of max. val. (UTC), Input 2, measured value"
5760,uint,RD/WR,_TEMPERATUR_MAX_T,s,"Time of max. val. (UTC), internal temperature"
5762,float,RD/WR,_ULN_AVG_MAX[0],V,Max. values of mean val. U L1-N
5764,float,RD/WR,_ULN_AVG_MAX[1],V,Max. values of mean val. U L2-N
5766,float,RD/WR,_ULN_AVG_MAX[2],V,Max. values of mean val. U L3-N
5768,float,RD/WR,_ULN_AVG_MAX[3],V,Max. values of mean val. U L4-N
5770,float,RD/WR,_ULL_AVG_MAX[0],V,Max. values of mean val. U L1-L2
5772,float,RD/WR,_ULL_AVG_MAX[1],V,Max. values of mean val. U L2-L3
5774,float,RD/WR,_ULL_AVG_MAX[2],V,Max. values of mean val. U L3-L1
5776,float,RD/WR,_ULN_CF_AVG_MAX[0],-,"Max. values of mean val., crest factor, U L1-N"
5778,float,RD/WR,_ULN_CF_AVG_MAX[1],-,"Max. values of mean val., crest factor, U L2-N"
5780,float,RD/WR,_ULN_CF_AVG_MAX[2],-,"Max. values of mean val., crest factor, U L3-N"
5782,float,RD/WR,_ULN_CF_AVG_MAX[3],-,"Max. values of mean val., crest factor, U L4-N"
5784,float,RD/WR,_ULL_CF_AVG_MAX[0],-,"Max. values of mean val., crest factor, U L1-L2"
5786,float,RD/WR,_ULL_CF_AVG_MAX[1],-,"Max. values of mean val., crest factor, U L2-L3"
5788,float,RD/WR,_ULL_CF_AVG_MAX[2],-,"Max. values of mean val., crest factor, U L3-L1"
5790,float,RD/WR,_UN_AVG_MAX,V,"Max. values of mean val., zero sequence"
5792,float,RD/WR,_UM_AVG_MAX,V,"Max. values of mean val., positive sequence"
5794,float,RD/WR,_UG_AVG_MAX,V,"Max. values of mean val., negative sequence"
5796,float,RD/WR,_URC_AVG_MAX[0],V,"Max. values of mean val., ripple control signal, U L1-N"
5798,float,RD/WR,_URC_AVG_MAX[1],V,"Max. values of mean val., ripple control signal, U L2-N"
5800,float,RD/WR,_URC_AVG_MAX[2],V,"Max. values of mean val., ripple control signal, U L3-N"
5802,float,RD/WR,_URC_AVG_MAX[3],V,"Max. values of mean val., ripple control signal, U L4-N"
5804,float,RD/WR,_THD_ULN_AVG_MAX[0],%,"Max. values of mean val., harmonics, THD, U L1-N"
5806,float,RD/WR,_THD_ULN_AVG_MAX[1],%,"Max. values of mean val., harmonics, THD, U L2-N"
5808,float,RD/WR,_THD_ULN_AVG_MAX[2],%,"Max. values of mean val., harmonics, THD, U L3-N"
5810,float,RD/WR,_THD_ULN_AVG_MAX[3],%,"Max. values of mean val., harmonics, THD, U L4-N"
5812,float,RD/WR,_THD_ZLN_AVG_MAX[0],%,"Max. values of mean val., interharmonics, ZHD, U, L1"
5814,float,RD/WR,_THD_ZLN_AVG_MAX[1],%,"Max. values of mean val., interharmonics, ZHD, U, L2"
5816,float,RD/WR,_THD_ZLN_AVG_MAX[2],%,"Max. values of mean val., interharmonics, ZHD, U, L3"
5818,float,RD/WR,_THD_ZLN_AVG_MAX[3],%,"Max. values of mean val., interharmonics, ZHD, U, L4"
5820,float,RD/WR,_ULN_OVER_AVG_MAX[0],%,"Max. values of mean val., over difference, U L1"
5822,float,RD/WR,_ULN_OVER_AVG_MAX[1],%,"Max. values of mean val., over difference, U L2"
5824,float,RD/WR,_ULN_OVER_AVG_MAX[2],%,"Max. values of mean val., over difference, U L3"
5826,float,RD/WR,_ULN_OVER_AVG_MAX[3],%,"Max. values of mean val., over difference, U L4"
5828,float,RD/WR,_ULN_UNDER_AVG_MAX[0],%,"Max. values of mean val., under difference, U L1"
5830,float,RD/WR,_ULN_UNDER_AVG_MAX[1],%,"Max. values of mean val., under difference, U L2"
5832,float,RD/WR,_ULN_UNDER_AVG_MAX[2],%,"Max. values of mean val., under difference, U L3"
5834,float,RD/WR,_ULN_UNDER_AVG_MAX[3],%,"Max. values of mean val., under difference, U L4"
5836,float,RD/WR,_ULN_NEG_PEAK_AVG_MAX[0],-,"Max. values of mean val., peak value negative, U L1-N"
5838,float,RD/WR,_ULN_NEG_PEAK_AVG_MAX[1],-,"Max. values of mean val., peak value negative, U L2-N"
5840,float,RD/WR,_ULN_NEG_PEAK_AVG_MAX[2],-,"Max. values of mean val., peak value negative, U L3-N"
5842,float,RD/WR,_ULN_NEG_PEAK_AVG_MAX[3],-,"Max. values of mean val., peak value negative, U L4-N"
5844,float,RD/WR,_ULN_POS_PEAK_AVG_MAX[0],-,"Max. values of mean val., peak value positive, U L1-N"
5846,float,RD/WR,_ULN_POS_PEAK_AVG_MAX[1],-,"Max. values of mean val., peak value positive, U L2-N"
5848,float,RD/WR,_ULN_POS_PEAK_AVG_MAX[2],-,"Max. values of mean val., peak value positive, U L3-N"
5850,float,RD/WR,_ULN_POS_PEAK_AVG_MAX[3],-,"Max. values of mean val., peak value positive, U L4-N"
5852,float,RD/WR,_ULN_PEAK_PEAK_AVG_MAX[0],-,"Max. values of mean val., peak-peak value, U L1-N"
5854,float,RD/WR,_ULN_PEAK_PEAK_AVG_MAX[1],-,"Max. values of mean val., peak-peak value, U L2-N"
5856,float,RD/WR,_ULN_PEAK_PEAK_AVG_MAX[2],-,"Max. values of mean val., peak-peak value, U L3-N"
5858,float,RD/WR,_ULN_PEAK_PEAK_AVG_MAX[3],-,"Max. values of mean val., peak-peak value, U L4-N"
5860,float,RD/WR,_THD_ULL_AVG_MAX[0],%,"Max. values of mean val., harmonic, THD,U L1-L2"
5862,float,RD/WR,_THD_ULL_AVG_MAX[1],%,"Max. values of mean val., harmonic, THD,U L2-L3"
5864,float,RD/WR,_THD_ULL_AVG_MAX[2],%,"Max. values of mean val., harmonic, THD,U L3-L1"
5866,float,RD/WR,_THD_ZLL_AVG_MAX[0],%,"Max. values of mean val., interharmonics, U L1-L2"
5868,float,RD/WR,_THD_ZLL_AVG_MAX[1],%,"Max. values of mean val., interharmonics, U L2-L3"
5870,float,RD/WR,_THD_ZLL_AVG_MAX[2],%,"Max. values of mean val., interharmonics, U L3-L1"
5872,float,RD/WR,_ULL_OVER_AVG_MAX[0],%,"Max. values of mean val., over difference, U L1-L2"
5874,float,RD/WR,_ULL_OVER_AVG_MAX[1],%,"Max. values of mean val., over difference, U L2-L3"
5876,float,RD/WR,_ULL_OVER_AVG_MAX[2],%,"Max. values of mean val., over difference, U L3-L1"
5878,float,RD/WR,_ULL_UNDER_AVG_MAX[0],%,"Max. values of mean val., under difference, U L1-L2"
5880,float,RD/WR,_ULL_UNDER_AVG_MAX[1],%,"Max. values of mean val., under difference, U L2-L3"
5882,float,RD/WR,_ULL_UNDER_AVG_MAX[2],%,"Max. values of mean val., under difference, U L3-L1"
5884,float,RD/WR,_ULL_NEG_PEAK_AVG_MAX[0],-,"Max. values of mean val., peak value negative, U L1-L2"
5886,float,RD/WR,_ULL_NEG_PEAK_AVG_MAX[1],-,"Max. values of mean val., peak value negative, U L2-L3"
5888,float,RD/WR,_ULL_NEG_PEAK_AVG_MAX[2],-,"Max. values of mean val., peak value negative, U L2-L3"
5890,float,RD/WR,_ULL_POS_PEAK_AVG_MAX[0],-,"Max. values of mean val., peak value positive, U L1-L2"
5892,float,RD/WR,_ULL_POS_PEAK_AVG_MAX[1],-,"Max. values of mean val., peak value positive, U L2-L3"
5894,float,RD/WR,_ULL_POS_PEAK_AVG_MAX[2],-,"Max. values of mean val., peak value positive, U L3-L1"
5896,float,RD/WR,_ULL_PEAK_PEAK_AVG_MAX[0],-,"Max. values of mean val., peak-peak value, U L1-L2"
5898,float,RD/WR,_ULL_PEAK_PEAK_AVG_MAX[1],-,"Max. values of mean val., peak-peak value, U L2-L3"
5900,float,RD/WR,_ULL_PEAK_PEAK_AVG_MAX[2],-,"Max. values of mean val., peak-peak value, U L3-L1"
5902,float,RD/WR,_U_STERN_AVG_MAX,V,
5904,float,RD/WR,_U_SYM_AVG_MAX,%,"Max. values of mean val., unsymmetrical voltage"
5906,float,RD/WR,_FREQ_AVG_MAX,Hz,"Max. values of mean val., measured frequency"
5908,float,RD/WR,_NORM_FREQ_AVG_MAX,Hz,"Max. values of mean val., nominal frequency"
5910,float,RD/WR,_PLN_AVG_MAX[0],W,"Max. values of mean val., real power L1"
5912,float,RD/WR,_PLN_AVG_MAX[1],W,"Max. values of mean val., real power L2"
5914,float,RD/WR,_PLN_AVG_MAX[2],W,"Max. values of mean val., real power L3"
5916,float,RD/WR,_PLN_AVG_MAX[3],W,"Max. values of mean val., real power L4"
5918,float,RD/WR,_P_SUM_AVG_MAX,W,"Max. values of mean val., sum P = P1 + P2 + P3 + P4"
5920,float,RD/WR,_Q_SUM_AVG_MAX,var,"Max. values of mean val., sum Q = Q1 + Q2 + Q3 + Q4"
5922,float,RD/WR,_QLN_AVG_MAX[0],var,"Max. values of mean val., reactive power L1"
5924,float,RD/WR,_QLN_AVG_MAX[1],var,"Max. values of mean val., reactive power L2"
5926,float,RD/WR,_QLN_AVG_MAX[2],var,"Max. values of mean val., reactive power L3"
5928,float,RD/WR,_QLN_AVG_MAX[3],var,"Max. values of mean val., reactive power L4"
5930,float,RD/WR,_P_SUM3_AVG_MAX,W,"Max. values of mean val., sum P = P1 + P2 + P3"
5932,float,RD/WR,_Q_SUM3_AVG_MAX,var,"Max. values of mean val., sum Q = Q1 + Q2 + Q3"
5934,float,RD/WR,_ILN_AVG_MAX[0],A,"Max. values of mean val., apparent current, L1"
5936,float,RD/WR,_ILN_AVG_MAX[1],A,"Max. values of mean val., apparent current, L2"
5938,float,RD/WR,_ILN_AVG_MAX[2],A,"Max. values of mean val., apparent current, L3"
5940,float,RD/WR,_ILN_AVG_MAX[3],A,"Max. values of mean val., apparent current, L4"
5942,float,RD/WR,_SLN_AVG_MAX[0],VA,"Max. values of mean val., apparent power L1"
5944,float,RD/WR,_SLN_AVG_MAX[1],VA,"Max. values of mean val., apparent power L2"
5946,float,RD/WR,_SLN_AVG_MAX[2],VA,"Max. values of mean val., apparent power L3"
5948,float,RD/WR,_SLN_AVG_MAX[3],VA,"Max. values of mean val., apparent power L4"
5950,float,RD/WR,_I_SUM3_AVG_MAX,A,"Max. values of mean val., vector sum; IN = I1 + I2 + I3"
5952,float,RD/WR,_I_SUM_AVG_MAX,A,"Max. values of mean val., vector sum; I1 + I2 + I3 + I4"
5954,float,RD/WR,_S_SUM3_AVG_MAX,VA,"Max. values of mean val., sum S = S1 + S2 + S3"
5956,float,RD/WR,_S_SUM_AVG_MAX,VA,"Max. values of mean val., sum S = S1 + S2 + S3 + S4"
5958,float,RD/WR,_THD_IL_AVG_MAX[0],%,"Max. values of mean val., harmonic, THD, I L1"
5960,float,RD/WR,_THD_IL_AVG_MAX[1],%,"Max. values of mean val., harmonic, THD, I L2"
5962,float,RD/WR,_THD_IL_AVG_MAX[2],%,"Max. values of mean val., harmonic, THD, I L3"
5964,float,RD/WR,_THD_IL_AVG_MAX[3],%,"Max. values of mean val., harmonic, THD, I L4"
5966,float,RD/WR,_ZHD_IL_AVG_MAX[0],%,"Max. values of mean val., interharmonics, ZHD, I, L1"
5968,float,RD/WR,_ZHD_IL_AVG_MAX[1],%,"Max. values of mean val., interharmonics, ZHD, I, L2"
5970,float,RD/WR,_ZHD_IL_AVG_MAX[2],%,"Max. values of mean val., interharmonics, ZHD, I, L3"
5972,float,RD/WR,_ZHD_IL_AVG_MAX[3],%,"Max. values of mean val., interharmonics, ZHD, I, L4"
5974,float,RD/WR,_ILN_CF_AVG_MAX[0],-,"Max. values of mean val., crest factor, I L1"
5976,float,RD/WR,_ILN_CF_AVG_MAX[1],-,"Max. values of mean val., crest factor, I L2"
5978,float,RD/WR,_ILN_CF_AVG_MAX[2],-,"Max. values of mean val., crest factor, I L3"
5980,float,RD/WR,_ILN_CF_AVG_MAX[3],-,"Max. values of mean val., crest factor, I L4"
5982,float,RD/WR,_IN_AVG_MAX,A,"Max. values of mean val., zero sequence, current"
5984,float,RD/WR,_IM_AVG_MAX,A,"Max. values of mean val., positive sequence, current"
5986,float,RD/WR,_IG_AVG_MAX,A,"Max. values of mean val., negative sequence, current"
5988,float,RD/WR,_I_SYM_AVG_MAX,%,"Max. values of mean val., unsymmetrical; current"
5990,float,RD/WR,_ILN_OVER_AVG_MAX[0],%,"Max. values of mean val., over difference, I L1"
5992,float,RD/WR,_ILN_OVER_AVG_MAX[1],%,"Max. values of mean val., over difference, I L2"
5994,float,RD/WR,_ILN_OVER_AVG_MAX[2],%,"Max. values of mean val., over difference, I L3"
5996,float,RD/WR,_ILN_OVER_AVG_MAX[3],%,"Max. values of mean val., over difference, I L4"
5998,float,RD/WR,_ILN_UNDER_AVG_MAX[0],%,"Max. values of mean val., under difference, I L1"
6000,float,RD/WR,_ILN_UNDER_AVG_MAX[1],%,"Max. values of mean val., under difference, I L2"
6002,float,RD/WR,_ILN_UNDER_AVG_MAX[2],%,"Max. values of mean val., under difference, I L3"
6004,float,RD/WR,_ILN_UNDER_AVG_MAX[3],%,"Max. values of mean val., under difference, I L4"
6006,float,RD/WR,_ILN_NEG_PEAK_AVG_MAX[0],-,"Max. values of mean val., peak value negative, I L1"
6008,float,RD/WR,_ILN_NEG_PEAK_AVG_MAX[1],-,"Max. values of mean val., peak value negative, I L2"
6010,float,RD/WR,_ILN_NEG_PEAK_AVG_MAX[2],-,"Max. values of mean val., peak value negative, I L3"
6012,float,RD/WR,_ILN_NEG_PEAK_AVG_MAX[3],-,"Max. values of mean val., peak value negative, I L4"
6014,float,RD/WR,_ILN_POS_PEAK_AVG_MAX[0],-,"Max. values of mean val., peak value positive, I L1"
6016,float,RD/WR,_ILN_POS_PEAK_AVG_MAX[1],-,"Max. values of mean val., peak value positive, I L2"
6018,float,RD/WR,_ILN_POS_PEAK_AVG_MAX[2],-,"Max. values of mean val., peak value positive, I L3"
6020,float,RD/WR,_ILN_POS_PEAK_AVG_MAX[3],-,"Max. values of mean val., peak value positive, I L4"
6022,float,RD/WR,_ILN_PEAK_PEAK_AVG_MAX[0],-,"Max. values of mean val., peak-peak value, I L1"
6024,float,RD/WR,_ILN_PEAK_PEAK_AVG_MAX[1],-,"Max. values of mean val., peak-peak value, I L2"
6026,float,RD/WR,_ILN_PEAK_PEAK_AVG_MAX[2],-,"Max. values of mean val., peak-peak value, I L3"
6028,float,RD/WR,_ILN_PEAK_PEAK_AVG_MAX[3],-,"Max. values of mean val., peak-peak value, I L4"
6030,float,RD/WR,_FLI_PF5_AVG_MAX[0],-,"Max. values of mean val., current flicker Pf5, L1-N"
6032,float,RD/WR,_FLI_PF5_AVG_MAX[1],-,"Max. values of mean val., current flicker Pf5, L2-N"
6034,float,RD/WR,_FLI_PF5_AVG_MAX[2],-,"Max. values of mean val., current flicker Pf5, L3-N"
6036,float,RD/WR,_FLI_PF5_AVG_MAX[3],-,"Max. values of mean val., current flicker Pf5, L4-N"
6038,float,RD/WR,_FLI_ST_AVG_MAX[0],-,
6040,float,RD/WR,_FLI_ST_AVG_MAX[1],-,
6042,float,RD/WR,_FLI_ST_AVG_MAX[2],-,
6044,float,RD/WR,_FLI_ST_AVG_MAX[3],-,
6046,float,RD/WR,_FLI_LT_AVG_MAX[0],-,
6048,float,RD/WR,_FLI_LT_AVG_MAX[1],-,
6050,float,RD/WR,_FLI_LT_AVG_MAX[2],-,
6052,float,RD/WR,_FLI_LT_AVG_MAX[3],-,
6054,float,RD/WR,_ILN_RC_AVG_MAX[0],A,"Max. values of mean val., ripple control signal, I L1"
6056,float,RD/WR,_ILN_RC_AVG_MAX[1],A,"Max. values of mean val., ripple control signal, I L2"
6058,float,RD/WR,_ILN_RC_AVG_MAX[2],A,"Max. values of mean val., ripple control signal, I L3"
6060,float,RD/WR,_ILN_RC_AVG_MAX[3],A,"Max. values of mean val., ripple control signal, I L4"
6062,float,RD/WR,_ULL_RC_AVG_MAX[0],V,"Max. values of mean val., ripple control signal, U L1-L2"
6064,float,RD/WR,_ULL_RC_AVG_MAX[1],V,"Max. values of mean val., ripple control signal, U L2-L3"
6066,float,RD/WR,_ULL_RC_AVG_MAX[2],V,"Max. values of mean val., ripple control signal, U L3-L1"
6078,float,RD/WR,_PFLN_AVG_MAX[0],%,"Max. values of mean val., power factor; L1"
6080,float,RD/WR,_PFLN_AVG_MAX[1],%,"Max. values of mean val., power factor; L2"
6082,float,RD/WR,_PFLN_AVG_MAX[2],%,"Max. values of mean val., power factor; L3"
6084,float,RD/WR,_PFLN_AVG_MAX[3],%,"Max. values of mean val., power factor; L4"
6086,float,RD/WR,_DLN_AVG_MAX[0],var,"Max. values of mean val., distortion power factor; L1"
6088,float,RD/WR,_DLN_AVG_MAX[1],var,"Max. values of mean val., distortion power factor; L2"
6090,float,RD/WR,_DLN_AVG_MAX[2],var,"Max. values of mean val., distortion power factor; L3"
6092,float,RD/WR,_DLN_AVG_MAX[3],var,"Max. values of mean val., distortion power factor; L4"
6094,float,RD/WR,_KFACT_AVG_MAX[0],-,"Max. values of mean val., K-Factor, L1"
6096,float,RD/WR,_KFACT_AVG_MAX[1],-,"Max. values of mean val., K-Factor, L2"
6098,float,RD/WR,_KFACT_AVG_MAX[2],-,"Max. values of mean val., K-Factor, L3"
6100,float,RD/WR,_KFACT_AVG_MAX[3],-,"Max. values of mean val., K-Factor, L4"
6102,float,RD/WR,_S0_POWER_AVG_MAX[0],W,"Max. values of mean val., Input 1, measured value"
6104,float,RD/WR,_S0_POWER_AVG_MAX[1],W,"Max. values of mean val., Input 1, measured value"
6106,float,RD/WR,_TEMPERATUR_AVG_MAX,°C,"Max. values of mean val., internal temperature"
6108,uint,RD/WR,_THD_ULN_AVG_MAX_T[0],s,"Time of max. val. of mean val., THD, U L1"
6110,uint,RD/WR,_THD_ULN_AVG_MAX_T[1],s,"Time of max. val. of mean val., THD, U L2"
6112,uint,RD/WR,_THD_ULN_AVG_MAX_T[2],s,"Time of max. val. of mean val., THD, U L3"
6114,uint,RD/WR,_THD_ULN_AVG_MAX_T[3],s,"Time of max. val. of mean val., THD, U L4"
6116,uint,RD/WR,_ULN_AVG_MAX_T[0],s,"Time of max. val. of mean val., U L1-N"
6118,uint,RD/WR,_ULN_AVG_MAX_T[1],s,"Time of max. val. of mean val., U L2-N"
6120,uint,RD/WR,_ULN_AVG_MAX_T[2],s,"Time of max. val. of mean val., U L3-N"
6122,uint,RD/WR,_ULN_AVG_MAX_T[3],s,"Time of max. val. of mean val., U L4-N"
6124,uint,RD/WR,_ULL_AVG_MAX_T[0],s,"Time of max. val. of mean val., U L1-L2"
6126,uint,RD/WR,_ULL_AVG_MAX_T[1],s,"Time of max. val. of mean val., U L2-L3"
6128,uint,RD/WR,_ULL_AVG_MAX_T[2],s,"Time of max. val. of mean val., U L3-L1"
6130,uint,RD/WR,_ULN_CF_AVG_MAX_T[0],s,"Time of max. val. of mean val., crest factor, U L1-N"
6132,uint,RD/WR,_ULN_CF_AVG_MAX_T[1],s,"Time of max. val. of mean val., crest factor, U L2-N"
6134,uint,RD/WR,_ULN_CF_AVG_MAX_T[2],s,"Time of max. val. of mean val., crest factor, U L3-N"
6136,uint,RD/WR,_ULN_CF_AVG_MAX_T[3],s,"Time of max. val. of mean val., crest factor, U L4-N"
6138,uint,RD/WR,_ULL_CF_AVG_MAX_T[0],s,"Time of max. val. of mean val., crest factor, U L1-L2"
6140,uint,RD/WR,_ULL_CF_AVG_MAX_T[1],s,"Time of max. val. of mean val., crest factor, U L2-L3"
6142,uint,RD/WR,_ULL_CF_AVG_MAX_T[2],s,"Time of max. val. of mean val., crest factor, U L3-L1"
6144,uint,RD/WR,_UN_AVG_MAX_T,s,"Time of max. val. of mean val., zero sequence"
6146,uint,RD/WR,_UM_AVG_MAX_T,s,"Time of max. val. of mean val., positive sequence"
6148,uint,RD/WR,_UG_AVG_MAX_T,s,"Time of max. val. of mean val., negative sequence"
6150,uint,RD/WR,_URC_AVG_MAX_T[0],s,"Time of max. val. of mean val., ripple control signal, U L1-N"
6152,uint,RD/WR,_URC_AVG_MAX_T[1],s,"Time of max. val. of mean val., ripple control signal, U L2-N"
6154,uint,RD/WR,_URC_AVG_MAX_T[2],s,"Time of max. val. of mean val., ripple control signal, U L3-N"
6156,uint,RD/WR,_URC_AVG_MAX_T[3],s,"Time of max. val. of mean val., ripple control signal, U L4-N"
6158,uint,RD/WR,_THD_ULN_AVG_MAX_T[0],s,"Time of max. val. of mean val., harmonics, THD, U L1-N"
6160,uint,RD/WR,_THD_ULN_AVG_MAX_T[1],s,"Time of max. val. of mean val., harmonics THD, U L2-N"
6162,uint,RD/WR,_THD_ULN_AVG_MAX_T[2],s,"Time of max. val. of mean val., harmonics THD, U L3-N"
6164,uint,RD/WR,_THD_ULN_AVG_MAX_T[3],s,"Time of max. val. of mean val., harmonics THD, U L4-N"
6166,uint,RD/WR,_THD_ZLN_AVG_MAX_T[0],s,"Time of max. val. of mean val., interharmonics, ZHD, U, L1"
6168,uint,RD/WR,_THD_ZLN_AVG_MAX_T[1],s,"Time of max. val. of mean val., interharmonics, ZHD, U, L2"
6170,uint,RD/WR,_THD_ZLN_AVG_MAX_T[2],s,"Time of max. val. of mean val., interharmonics, ZHD, U, L3"
6172,uint,RD/WR,_THD_ZLN_AVG_MAX_T[3],s,"Time of max. val. of mean val., interharmonics, ZHD, U, L4"
6174,uint,RD/WR,_ULN_OVER_AVG_MAX_T[0],s,"Time of max. val. of mean val., over difference, U L1"
6176,uint,RD/WR,_ULN_OVER_AVG_MAX_T[1],s,"Time of max. val. of mean val., over difference, U L2"
6178,uint,RD/WR,_ULN_OVER_AVG_MAX_T[2],s,"Time of max. val. of mean val., over difference, U L3"
6180,uint,RD/WR,_ULN_OVER_AVG_MAX_T[3],s,"Time of max. val. of mean val., over difference, U L4"
6182,uint,RD/WR,_ULN_UNDER_AVG_MAX_T[0],s,"Time of max. val. of mean val., under difference, U L1"
6184,uint,RD/WR,_ULN_UNDER_AVG_MAX_T[1],s,"Time of max. val. of mean val., under difference, U L2"
6186,uint,RD/WR,_ULN_UNDER_AVG_MAX_T[2],s,"Time of max. val. of mean val., under difference, U L3"
6188,uint,RD/WR,_ULN_UNDER_AVG_MAX_T[3],s,"Time of max. val. of mean val., under difference, U L4"
6190,uint,RD/WR,_ULN_NEG_PEAK_AVG_MAX_T[0],-,"Time of max. val. of mean val., peak val. negative, U L1"
6192,uint,RD/WR,_ULN_NEG_PEAK_AVG_MAX_T[1],-,"Time of max. val. of mean val., peak val. negative, U L2"
6194,uint,RD/WR,_ULN_NEG_PEAK_AVG_MAX_T[2],-,"Time of max. val. of mean val., peak val. negative, U L3"
6196,uint,RD/WR,_ULN_NEG_PEAK_AVG_MAX_T[3],-,"Time of max. val. of mean val., peak val. negative, U L4"
6198,uint,RD/WR,_ULN_POS_PEAK_AVG_MAX_T[0],-,"Time of max. val. of mean val., peak val. positive, U L1"
6200,uint,RD/WR,_ULN_POS_PEAK_AVG_MAX_T[1],-,"Time of max. val. of mean val., peak val. positive, U L2"
6202,uint,RD/WR,_ULN_POS_PEAK_AVG_MAX_T[2],-,"Time of max. val. of mean val., peak val. positive, U L3"
6204,uint,RD/WR,_ULN_POS_PEAK_AVG_MAX_T[3],-,"Time of max. val. of mean val., peak val. positive, U L4"
6206,uint,RD/WR,_ULN_PEAK_PEAK_AVG_MAX_T[0],-,"Time of max. val. of mean val., peak-peak value, U L1"
6208,uint,RD/WR,_ULN_PEAK_PEAK_AVG_MAX_T[1],-,"Time of max. val. of mean val., peak-peak value, U L2"
6210,uint,RD/WR,_ULN_PEAK_PEAK_AVG_MAX_T[2],-,"Time of max. val. of mean val., peak-peak value, U L3"
6212,uint,RD/WR,_ULN_PEAK_PEAK_AVG_MAX_T[3],-,"Time of max. val. of mean val., peak-peak value, U L4"
6214,uint,RD/WR,_THD_ULL_AVG_MAX_T[0],s,"Time of max. val. of mean val., THD, U L1-L2"
6216,uint,RD/WR,_THD_ULL_AVG_MAX_T[1],s,"Time of max. val. of mean val., THD, U L2-L3"
6218,uint,RD/WR,_THD_ULL_AVG_MAX_T[2],s,"Time of max. val. of mean val., THD, U L3-L1"
6220,uint,RD/WR,_THD_ZLL_AVG_MAX_T[0],s,"Time of max. val. of mean val., ZHD, U L1-L2"
6222,uint,RD/WR,_THD_ZLL_AVG_MAX_T[1],s,"Time of max. val. of mean val., ZHD, U L2-L3"
6224,uint,RD/WR,_THD_ZLL_AVG_MAX_T[2],s,"Time of max. val. of mean val., ZHD, U L3-L1"
6226,uint,RD/WR,_ULL_OVER_AVG_MAX_T[0],s,"Time of max. val. of mean val., over difference, U L1-L2"
6228,uint,RD/WR,_ULL_OVER_AVG_MAX_T[1],s,"Time of max. val. of mean val., over difference, U L2-L3"
6230,uint,RD/WR,_ULL_OVER_AVG_MAX_T[2],s,"Time of max. val. of mean val., over difference, U L3-L1"
6232,uint,RD/WR,_ULL_UNDER_AVG_MAX_T[0],s,"Time of max. val. of mean val., under difference, U L1-L2"
6234,uint,RD/WR,_ULL_UNDER_AVG_MAX_T[1],s,"Time of max. val. of mean val., under difference, U L2-L3"
6236,uint,RD/WR,_ULL_UNDER_AVG_MAX_T[2],s,"Time of max. val. of mean val., under difference, U L3-L1"
6238,uint,RD/WR,_ULL_NEG_PEAK_AVG_MAX_T[0],-,"Time of max. val. of mean val., peak value neg. U L1-L2"
6240,uint,RD/WR,_ULL_NEG_PEAK_AVG_MAX_T[1],-,"Time of max. val. of mean val., peak value neg., U L2-L3"
6242,uint,RD/WR,_ULL_NEG_PEAK_AVG_MAX_T[2],-,"Time of max. val. of mean val., peak value neg, U L3-L1"
6244,uint,RD/WR,_ULL_POS_PEAK_AVG_MAX_T[0],-,"Time of max. val. of mean val., peak value pos., U L1-L2"
6246,uint,RD/WR,_ULL_POS_PEAK_AVG_MAX_T[1],-,"Time of max. val. of mean val., peak value pos., U L2-L3"
6248,uint,RD/WR,_ULL_POS_PEAK_AVG_MAX_T[2],-,"Time of max. val. of mean val., peak value pos., U L3-L1"
6250,uint,RD/WR,_ULL_PEAK_PEAK_AVG_MAX_T[0],-,"Time of max. val. of mean val., peak-peak value, U L1-L2"
6252,uint,RD/WR,_ULL_PEAK_PEAK_AVG_MAX_T[1],-,"Time of max. val. of mean val., peak-peak value, U L2-L3"
6254,uint,RD/WR,_ULL_PEAK_PEAK_AVG_MAX_T[2],-,"Time of max. val. of mean val., peak-peak value, U L3-L1"
6256,uint,RD/WR,_U_STERN_AVG_MAX_T,s,
6258,uint,RD/WR,_U_SYM_AVG_MAX_T,s,"Time of max. val. of mean val., unsymmetrical voltage"
6260,uint,RD/WR,_FREQ_AVG_MAX_T,s,"Time of max. val. of mean val., measured frequency"
6262,uint,RD/WR,_NORM_FREQ_AVG_MAX_T,s,"Time of max. val. of mean val., nominal frequency"
6264,uint,RD/WR,_PLN_AVG_MAX_T[0],s,"Time of max. val. of mean val., real power L1"
6266,uint,RD/WR,_PLN_AVG_MAX_T[1],s,"Time of max. val. of mean val., real power L2"
6268,uint,RD/WR,_PLN_AVG_MAX_T[2],s,"Time of max. val. of mean val., real power L3"
6270,uint,RD/WR,_PLN_AVG_MAX_T[3],s,"Time of max. val. of mean val., real power L4"
6272,uint,RD/WR,_P_SUM_AVG_MAX_T,s,"Time of max. val. of mean val., sum P = P1+P2+P3+P4"
6274,uint,RD/WR,_Q_SUM_AVG_MAX_T,s,"Time of max. val. of mean val., sum Q = Q1+Q2+Q3+Q4"
6276,uint,RD/WR,_QLN_AVG_MAX_T[0],s,"Time of max. val. of mean val., reactive power L1"
6278,uint,RD/WR,_QLN_AVG_MAX_T[1],s,"Time of max. val. of mean val., reactive power L2"
6280,uint,RD/WR,_QLN_AVG_MAX_T[2],s,"Time of max. val. of mean val., reactive power L3"
6282,uint,RD/WR,_QLN_AVG_MAX_T[3],s,"Time of max. val. of mean val., reactive power L4"
6284,uint,RD/WR,_P_SUM3_AVG_MAX_T,s,"Time of max. val. of mean val., sum P = P1+P2+P3"
6286,uint,RD/WR,_Q_SUM3_AVG_MAX_T,s,"Time of max. val. of mean val., sum Q = Q1+Q2+Q3+Q4"
6288,uint,RD/WR,_ILN_AVG_MAX_T[0],s,"Time of max. val. of mean val., apparent current, L1"
6290,uint,RD/WR,_ILN_AVG_MAX_T[1],s,"Time of max. val. of mean val., apparent current, L2"
6292,uint,RD/WR,_ILN_AVG_MAX_T[2],s,"Time of max. val. of mean val., apparent current, L3"
6294,uint,RD/WR,_ILN_AVG_MAX_T[3],s,"Time of max. val. of mean val., apparent current, L4"
6296,uint,RD/WR,_SLN_AVG_MAX_T[0],s,"Time of max. val. of mean val., apparent power L1"
6298,uint,RD/WR,_SLN_AVG_MAX_T[1],s,"Time of max. val. of mean val., apparent power L2"
6300,uint,RD/WR,_SLN_AVG_MAX_T[2],s,"Time of max. val. of mean val., apparent power L3"
6302,uint,RD/WR,_SLN_AVG_MAX_T[3],s,"Time of max. val. of mean val., apparent power L4"
6304,uint,RD/WR,_I_SUM3_AVG_MAX_T,s,"Time of max. val. of mean val., vector sum; IN = I1+I2+I3"
6306,uint,RD/WR,_I_SUM_AVG_MAX_T,s,"Time of max. val. of mean val., vector sum; I1+I2+I3+I4"
6308,uint,RD/WR,_S_SUM3_AVG_MAX_T,s,"Time of max. val. of mean val., sum S = S1+S2+S3"
6310,uint,RD/WR,_S_SUM_AVG_MAX_T,s,"Time of max. val. of mean val., sum S = S1+S2+S3+S4"
6312,uint,RD/WR,_THD_IL_AVG_MAX_T[0],s,"Time of max. val. of mean val., harmonic, THD, I L1"
6314,uint,RD/WR,_THD_IL_AVG_MAX_T[1],s,"Time of max. val. of mean val., harmonic, THD, I L2"
6316,uint,RD/WR,_THD_IL_AVG_MAX_T[2],s,"Time of max. val. of mean val., harmonic, THD, I L3"
6318,uint,RD/WR,_THD_IL_AVG_MAX_T[3],s,"Time of max. val. of mean val., harmonic, THD, I L4"
6320,uint,RD/WR,_ZHD_IL_AVG_MAX_T[0],s,"Time of max. val. of mean val., interharmonic, ZHD, I L1"
6322,uint,RD/WR,_ZHD_IL_AVG_MAX_T[1],s,"Time of max. val. of mean val., interharmonic, ZHD, I L2"
6324,uint,RD/WR,_ZHD_IL_AVG_MAX_T[2],s,"Time of max. val. of mean val., interharmonic, ZHD, I L3"
6326,uint,RD/WR,_ZHD_IL_AVG_MAX_T[3],s,"Time of max. val. of mean val., interharmonic, ZHD, I L4"
6328,uint,RD/WR,_ILN_CF_AVG_MAX_T[0],s,"Time of max. val. of mean val., crest factor, I L1"
6330,uint,RD/WR,_ILN_CF_AVG_MAX_T[1],s,"Time of max. val. of mean val., crest factor, I L2"
6332,uint,RD/WR,_ILN_CF_AVG_MAX_T[2],s,"Time of max. val. of mean val., crest factor, I L3"
6334,uint,RD/WR,_ILN_CF_AVG_MAX_T[3],s,"Time of max. val. of mean val., crest factor, I L4"
6336,uint,RD/WR,_IN_AVG_MAX_T,s,"Time of max. val. of mean val., zero sequence, current"
6338,uint,RD/WR,_IM_AVG_MAX_T,s,"Time of max. val. of mean val., positive sequence, current"
6340,uint,RD/WR,_IG_AVG_MAX_T,s,"Time of max. val. of mean val., negative sequence, current"
6342,uint,RD/WR,_I_SYM_AVG_MAX_T,s,"Time of max. val. of mean val., unsymmetrical; current"
6344,uint,RD/WR,_ILN_OVER_AVG_MAX_T[0],s,"Time of max. val. of mean val., over difference, I L1"
6346,uint,RD/WR,_ILN_OVER_AVG_MAX_T[1],s,"Time of max. val. of mean val., over difference, I L2"
6348,uint,RD/WR,_ILN_OVER_AVG_MAX_T[2],s,"Time of max. val. of mean val., over difference, I L3"
6350,uint,RD/WR,_ILN_OVER_AVG_MAX_T[3],s,"Time of max. val. of mean val., over difference, I L4"
6352,uint,RD/WR,_ILN_UNDER_AVG_MAX_T[0],s,"Time of max. val. of mean val., under difference, I L1"
6354,uint,RD/WR,_ILN_UNDER_AVG_MAX_T[1],s,"Time of max. val. of mean val., under difference, I L2"
6356,uint,RD/WR,_ILN_UNDER_AVG_MAX_T[2],s,"Time of max. val. of mean val., under difference, I L3"
6358,uint,RD/WR,_ILN_UNDER_AVG_MAX_T[3],s,"Time of max. val. of mean val., under difference, I L4"
6360,uint,RD/WR,_ILN_NEG_PEAK_AVG_MAX_T[0],-,"Time of max. val. of mean val., peak value neg., I L1"
6362,uint,RD/WR,_ILN_NEG_PEAK_AVG_MAX_T[1],-,"Time of max. val. of mean val., peak value neg., I L2"
6364,uint,RD/WR,_ILN_NEG_PEAK_AVG_MAX_T[2],-,"Time of max. val. of mean val., peak value neg., I L3"
6366,uint,RD/WR,_ILN_NEG_PEAK_AVG_MAX_T[3],-,"Time of max. val. of mean val., peak value neg., I L4"
6368,uint,RD/WR,_ILN_POS_PEAK_AVG_MAX_T[0],-,"Time of max. val. of mean val., peak value pos., I L1"
6370,uint,RD/WR,_ILN_POS_PEAK_AVG_MAX_T[1],-,"Time of max. val. of mean val., peak value pos., I L2"
6372,uint,RD/WR,_ILN_POS_PEAK_AVG_MAX_T[2],-,"Time of max. val. of mean val., peak value pos., I L3"
6374,uint,RD/WR,_ILN_POS_PEAK_AVG_MAX_T[3],-,"Time of max. val. of mean val., peak value pos., I L4"
6376,uint,RD/WR,_ILN_PEAK_PEAK_AVG_MAX_T[0],-,"Time of max. val. of mean val., peak-peak value, I L1"
6378,uint,RD/WR,_ILN_PEAK_PEAK_AVG_MAX_T[1],-,"Time of max. val. of mean val., peak-peak value, I L2"
6380,uint,RD/WR,_ILN_PEAK_PEAK_AVG_MAX_T[2],-,"Time of max. val. of mean val., peak-peak value, I L3"
6382,uint,RD/WR,_ILN_PEAK_PEAK_AVG_MAX_T[3],-,"Time of max. val. of mean val., peak-peak value, I L4"
6384,uint,RD/WR,_FLI_PF5_AVG_MAX_T[0],s,"Time of max. val. of mean val., current flicker Pf5, L1-N"
6386,uint,RD/WR,_FLI_PF5_AVG_MAX_T[1],s,"Time of max. val. of mean val., current flicker Pf5, L2-N"
6388,uint,RD/WR,_FLI_PF5_AVG_MAX_T[2],s,"Time of max. val. of mean val., current flicker Pf5, L3-N"
6390,uint,RD/WR,_FLI_PF5_AVG_MAX_T[3],s,"Time of max. val. of mean val., current flicker Pf5, L4-N"
6392,uint,RD/WR,_FLI_ST_AVG_MAX_T[0],s,
6394,uint,RD/WR,_FLI_ST_AVG_MAX_T[1],s,
6396,uint,RD/WR,_FLI_ST_AVG_MAX_T[2],s,
6398,uint,RD/WR,_FLI_ST_AVG_MAX_T[3],s,
6400,uint,RD/WR,_FLI_LT_AVG_MAX_T[0],s,
6402,uint,RD/WR,_FLI_LT_AVG_MAX_T[1],s,
6404,uint,RD/WR,_FLI_LT_AVG_MAX_T[2],s,
6406,uint,RD/WR,_FLI_LT_AVG_MAX_T[3],s,
6408,uint,RD/WR,_ILN_RC_AVG_MAX_T[0],s,"Time of max. val. of mean val., ripple control signal, I L1"
6410,uint,RD/WR,_ILN_RC_AVG_MAX_T[1],s,"Time of max. val. of mean val., ripple control signal, I L2"
6412,uint,RD/WR,_ILN_RC_AVG_MAX_T[2],s,"Time of max. val. of mean val., ripple control signal, I L3"
6414,uint,RD/WR,_ILN_RC_AVG_MAX_T[3],s,"Time of max. val. of mean val., ripple control signal, I L4"
6416,uint,RD/WR,_ULL_RC_AVG_MAX_T[0],s,"Time of max. val. of mean val., ripple control signal, U L1-L2"
6418,uint,RD/WR,_ULL_RC_AVG_MAX_T[1],s,"Time of max. val. of mean val., ripple control signal, U L2-L3"
6420,uint,RD/WR,_ULL_RC_AVG_MAX_T[2],s,"Time of max. val. of mean val., ripple control signal, U L3-L1"
6432,uint,RD/WR,_PFLN_AVG_MAX_T[0],s,"Time of max. val. of mean val., power factor; L1"
6434,uint,RD/WR,_PFLN_AVG_MAX_T[1],s,"Time of max. val. of mean val., power factor; L2"
6436,uint,RD/WR,_PFLN_AVG_MAX_T[2],s,"Time of max. val. of mean val., power factor; L3"
6438,uint,RD/WR,_PFLN_AVG_MAX_T[3],s,"Time of max. val. of mean val., power factor; L4"
6440,uint,RD/WR,_DLN_AVG_MAX_T[0],s,"Time of max. val. of mean val., distortion power factor; L1"
6442,uint,RD/WR,_DLN_AVG_MAX_T[1],s,"Time of max. val. of mean val., distortion power factor; L2"
6444,uint,RD/WR,_DLN_AVG_MAX_T[2],s,"Time of max. val. of mean val., distortion power factor; L3"
6446,uint,RD/WR,_DLN_AVG_MAX_T[3],s,"Time of max. val. of mean val., distortion power factor; L4"
6448,uint,RD/WR,_KFACT_AVG_MAX_T[0],s,"Time of max. val. of mean val., K-Factor, L1"
6450,uint,RD/WR,_KFACT_AVG_MAX_T[1],s,"Time of max. val. of mean val., K-Factor, L2"
6452,uint,RD/WR,_KFACT_AVG_MAX_T[2],s,"Time of max. val. of mean val., K-Factor, L3"
6454,uint,RD/WR,_KFACT_AVG_MAX_T[3],s,"Time of max. val. of mean val., K-Factor, L4"
6456,uint,RD/WR,_S0_POWER_AVG_MAX_T[0],s,"Time of max. val. of mean val., Input 1, measured value"
6458,uint,RD/WR,_S0_POWER_AVG_MAX_T[1],s,"Time of max. val. of mean val., Input 1, measured value"
6460,uint,RD/WR,_TEMPERATUR_AVG_MAX_T,s,"Time of max. val. of mean val., Input 1, internal temperature"
6656,float,RD/WR,_INIT_MAX,-,Only for internal use
6729,float,RD/WR,_I_EVT_MAX[0],%,Only for internal use
6731,float,RD/WR,_I_EVT_MAX[1],%,Only for internal use
6733,float,RD/WR,_U_EVT_MAX[0],%,Only for internal use
6735,float,RD/WR,_U_EVT_MAX[1],%,Only for internal use
8428,float,RD/WR,_MAXSIZE_REC,%,Only for internal use
8430,float,RD/WR,_MAXSIZE_TRNS,%,Only for internal use
8432,float,RD/WR,_MAXSIZE_VWW,%,Only for internal use
8434,float,RD/WR,_MAXSIZE_EVT,%,Only for internal use
8436,float,RD/WR,_MAXSIZE_FLAGS,%,Only for internal use
11944,float,RD,_AKT_EVT_MAXVAL[0],-,Only for internal use
11946,float,RD,_AKT_EVT_MAXVAL[1],-,Only for internal use
11948,float,RD,_AKT_EVT_MAXVAL[2],-,Only for internal use
11950,float,RD,_AKT_EVT_MAXVAL[3],-,Only for internal use
11952,float,RD,_AKT_EVT_MAXVAL[4],-,Only for internal use
11954,float,RD,_AKT_EVT_MAXVAL[5],-,Only for internal use
11956,float,RD,_AKT_EVT_MAXVAL[6],-,Only for internal use
11958,float,RD,_AKT_EVT_MAXVAL[7],-,Only for internal use
13119,float,RD,_U_SYM_MAX_U0,%,Only for internal use
13123,short,RD/WR,_U_SYM_MAX_T_U0,-,Only for internal use
13453,float,RD/WR,_I_EVT_MAX_HYST[0],%,Only for internal use
13455,float,RD/WR,_I_EVT_MAX_HYST[1],%,Only for internal use
13457,float,RD/WR,_U_EVT_MAX_HYST[0],%,Only for internal use
13459,float,RD/WR,_U_EVT_MAX_HYST[1],%,Only for internal use
13748,float,RD/WR,_ULL_EVT_MAX,%,Only for internal use
13754,float,RD/WR,_ULL_EVT_MAX_HYST,%,Only for internal use
13760,float,RD/WR,_FREQ_EVT_MAX[0],%,Only for internal use
13762,float,RD/WR,_FREQ_EVT_MAX[1],%,Only for internal use
13772,float,RD/WR,_FREQ_EVT_MAX_HYST[0],%,Only for internal use
13774,float,RD/WR,_FREQ_EVT_MAX_HYST[1],%,Only for internal use
